route,pir,total_rec_packtess,tota_rec_flits,rec_ideal_flits_ratio,avg_wireless_util,global_avg_delay_cycles,max_delay_cycles,network_throuput,avg_ip_throuput,total_energy,dynamic_energy,static_energy
XY,0.001,176,1408,1.22222,0,8.01136,33,0.156444,0.00977778,1.99376e-06,1.85135e-08,1.97525e-06
XY,0.002,325,2614,1.13455,0,8.21231,26,0.290444,0.0181528,2.00954e-06,3.42885e-08,1.97525e-06
XY,0.003,479,3835,1.10966,0,8.67432,41,0.426111,0.0266319,2.02371e-06,4.84563e-08,1.97525e-06
XY,0.004,610,4875,1.05794,0,9.24754,41,0.541667,0.0338542,2.03817e-06,6.29174e-08,1.97525e-06
XY,0.005,743,5944,1.03194,0,9.07537,54,0.660444,0.0412778,2.049e-06,7.37523e-08,1.97525e-06
XY,0.006,871,6967,1.00796,0,9.47302,53,0.774111,0.0483819,2.06149e-06,8.62363e-08,1.97525e-06
XY,0.007,1025,8197,1.01649,0,10.2302,57,0.910778,0.0569236,2.0771e-06,1.01845e-07,1.97525e-06
XY,0.008,1139,9107,0.988173,0,10.6857,51,1.01189,0.0632431,2.0878e-06,1.12552e-07,1.97525e-06
XY,0.009,1296,10368,1,0,11.0502,83,1.152,0.072,2.10496e-06,1.29714e-07,1.97525e-06
XY,0.01,1435,11485,0.996962,0,12.4,72,1.27611,0.0797569,2.11906e-06,1.43812e-07,1.97525e-06
XY,0.011,1653,13229,1.04396,0,12.5336,72,1.46989,0.0918681,2.14101e-06,1.65755e-07,1.97525e-06
XY,0.012,1762,14095,1.0196,0,13.1742,78,1.56611,0.0978819,2.15314e-06,1.77891e-07,1.97525e-06
XY,0.013,1891,15131,1.01035,0,13.5452,88,1.68122,0.105076,2.16774e-06,1.92488e-07,1.97525e-06
XY,0.014,2059,16485,1.02214,0,14.4434,105,1.83167,0.114479,2.18549e-06,2.10243e-07,1.97525e-06
XY,0.015,2133,17046,0.986458,0,15.8336,108,1.894,0.118375,2.19364e-06,2.18385e-07,1.97525e-06
XY,0.016,2277,18223,0.988661,0,16.1515,98,2.02478,0.126549,2.2089e-06,2.33646e-07,1.97525e-06
XY,0.017,2433,19462,0.99377,0,16.9877,122,2.16244,0.135153,2.22565e-06,2.50401e-07,1.97525e-06
XY,0.018,2568,20546,0.990837,0,19.0179,149,2.28289,0.142681,2.23361e-06,2.58354e-07,1.97525e-06
XY,0.019,2754,22040,1.00694,0,20.8802,230,2.44889,0.153056,2.2577e-06,2.82453e-07,1.97525e-06
XY,0.02,2957,23658,1.02682,0,23.2563,138,2.62867,0.164292,2.27517e-06,2.99914e-07,1.97525e-06
XY,0.021,3022,24176,0.999339,0,22.1158,188,2.68622,0.167889,2.28612e-06,3.10873e-07,1.97525e-06
XY,0.022,3219,25758,1.01634,0,25.7384,213,2.862,0.178875,2.29998e-06,3.24726e-07,1.97525e-06
XY,0.023,3273,26176,0.987923,0,29.4919,261,2.90844,0.181778,2.30816e-06,3.32909e-07,1.97525e-06
XY,0.024,3419,27340,0.98886,0,33.5856,422,3.03778,0.189861,2.31851e-06,3.43261e-07,1.97525e-06
XY,0.025,3611,28889,1.00309,0,32.4497,181,3.20989,0.200618,2.33758e-06,3.62332e-07,1.97525e-06
XY,0.026,3774,30190,1.00795,0,44.7199,352,3.35444,0.209653,2.36098e-06,3.85725e-07,1.97525e-06
XY,0.027,3938,31529,1.01366,0,57.5122,374,3.50322,0.218951,2.37615e-06,4.00901e-07,1.97525e-06
XY,0.028,3971,31772,0.984995,0,55.0718,322,3.53022,0.220639,2.37646e-06,4.01207e-07,1.97525e-06
XY,0.029,4035,32280,0.966236,0,61.4037,326,3.58667,0.224167,2.38356e-06,4.08309e-07,1.97525e-06
XY,0.03,4253,34028,0.984606,0,173.138,1085,3.78089,0.236306,2.40747e-06,4.32217e-07,1.97525e-06
XY,0.031,4407,35250,0.987063,0,214.488,1555,3.91667,0.244792,2.42533e-06,4.50084e-07,1.97525e-06
XY,0.032,4582,36664,0.994575,0,189.226,1049,4.07378,0.254611,2.43805e-06,4.62799e-07,1.97525e-06
XY,0.033,4518,36130,0.950389,0,345.619,2128,4.01444,0.250903,2.43375e-06,4.58502e-07,1.97525e-06
XY,0.034,4521,36153,0.923024,0,335.908,2097,4.017,0.251063,2.43944e-06,4.64185e-07,1.97525e-06
XY,0.035,4625,36991,0.917436,0,509.517,2816,4.11011,0.256882,2.44892e-06,4.73669e-07,1.97525e-06
XY,0.036,4639,37093,0.894411,0,677.761,2724,4.12144,0.25759,2.45357e-06,4.7832e-07,1.97525e-06
XY,0.037,4569,36549,0.857475,0,749.824,3075,4.061,0.253812,2.44736e-06,4.72114e-07,1.97525e-06
XY,0.038,4692,37536,0.857456,0,756.517,2857,4.17067,0.260667,2.45679e-06,4.81538e-07,1.97525e-06
XY,0.039,4694,37543,0.835626,0,832.096,2724,4.17144,0.260715,2.45425e-06,4.78994e-07,1.97525e-06
XY,0.04,4624,36990,0.802734,0,1040.35,3413,4.11,0.256875,2.45441e-06,4.79155e-07,1.97525e-06
XY,0.041,4668,37347,0.790714,0,1084.96,3612,4.14967,0.259354,2.45666e-06,4.81413e-07,1.97525e-06
XY,0.042,4669,37349,0.771929,0,1246.82,4284,4.14989,0.259368,2.45525e-06,4.79997e-07,1.97525e-06
XY,0.043,4689,37497,0.756965,0,1316.6,3628,4.16633,0.260396,2.44985e-06,4.74603e-07,1.97525e-06
XY,0.044,4612,36897,0.727924,0,1356.6,4091,4.09967,0.256229,2.45248e-06,4.77229e-07,1.97525e-06
XY,0.045,4622,36970,0.713156,0,1551.74,4363,4.10778,0.256736,2.45505e-06,4.79796e-07,1.97525e-06
XY,0.046,4760,38079,0.71858,0,1648.51,3899,4.231,0.264437,2.46309e-06,4.87836e-07,1.97525e-06
XY,0.047,4636,37068,0.684619,0,1608.39,4653,4.11867,0.257417,2.45428e-06,4.79031e-07,1.97525e-06
XY,0.048,4677,37423,0.676776,0,1668.98,4157,4.15811,0.259882,2.45887e-06,4.83616e-07,1.97525e-06
XY,0.049,4624,36989,0.655276,0,1708.28,4233,4.10989,0.256868,2.45648e-06,4.81226e-07,1.97525e-06
XY,0.05,4664,37296,0.6475,0,2022.91,4642,4.144,0.259,2.45662e-06,4.81374e-07,1.97525e-06
WEST_FIRST,0.001,153,1218,1.05729,0,7.67974,26,0.135333,0.00845833,1.99173e-06,1.52036e-08,1.97653e-06
WEST_FIRST,0.002,295,2363,1.02561,0,8.18305,26,0.262556,0.0164097,2.00669e-06,3.01635e-08,1.97653e-06
WEST_FIRST,0.003,439,3515,1.01707,0,8.85877,38,0.390556,0.0244097,2.02224e-06,4.57068e-08,1.97653e-06
WEST_FIRST,0.004,581,4642,1.00738,0,8.9105,33,0.515778,0.0322361,2.03562e-06,5.90852e-08,1.97653e-06
WEST_FIRST,0.005,719,5747,0.997743,0,9.06676,53,0.638556,0.0399097,2.0495e-06,7.29715e-08,1.97653e-06
WEST_FIRST,0.006,881,7037,1.01808,0,9.62997,53,0.781889,0.0488681,2.06631e-06,8.97806e-08,1.97653e-06
WEST_FIRST,0.007,1047,8381,1.03931,0,10.8386,67,0.931222,0.0582014,2.07991e-06,1.03379e-07,1.97653e-06
WEST_FIRST,0.008,1176,9399,1.01986,0,10.6327,53,1.04433,0.0652708,2.09308e-06,1.16551e-07,1.97653e-06
WEST_FIRST,0.009,1313,10509,1.0136,0,11.5956,79,1.16767,0.0729792,2.10725e-06,1.30716e-07,1.97653e-06
WEST_FIRST,0.01,1446,11544,1.00208,0,11.6362,66,1.28267,0.0801667,2.12385e-06,1.47319e-07,1.97653e-06
WEST_FIRST,0.011,1628,13036,1.02872,0,12.6708,81,1.44844,0.0905278,2.14085e-06,1.64323e-07,1.97653e-06
WEST_FIRST,0.012,1714,13711,0.991826,0,13.7205,93,1.52344,0.0952153,2.14813e-06,1.71597e-07,1.97653e-06
WEST_FIRST,0.013,1862,14891,0.994324,0,14.7755,116,1.65456,0.10341,2.16334e-06,1.8681e-07,1.97653e-06
WEST_FIRST,0.014,1962,15696,0.973214,0,14.5979,83,1.744,0.109,2.17329e-06,1.96761e-07,1.97653e-06
WEST_FIRST,0.015,2070,16568,0.958796,0,15.3319,110,1.84089,0.115056,2.18561e-06,2.09075e-07,1.97653e-06
WEST_FIRST,0.016,2226,17796,0.965495,0,16.0261,93,1.97733,0.123583,2.20217e-06,2.25637e-07,1.97653e-06
WEST_FIRST,0.017,2440,19524,0.996936,0,17.7578,122,2.16933,0.135583,2.21866e-06,2.4213e-07,1.97653e-06
WEST_FIRST,0.018,2523,20177,0.973042,0,18.5838,131,2.24189,0.140118,2.22743e-06,2.50902e-07,1.97653e-06
WEST_FIRST,0.019,2811,22490,1.0275,0,21.0192,143,2.49889,0.156181,2.26064e-06,2.84108e-07,1.97653e-06
WEST_FIRST,0.02,2928,23438,1.01727,0,23.4266,168,2.60422,0.162764,2.27283e-06,2.96302e-07,1.97653e-06
WEST_FIRST,0.021,3022,24177,0.99938,0,25.8825,242,2.68633,0.167896,2.27784e-06,3.01306e-07,1.97653e-06
WEST_FIRST,0.022,3270,26174,1.03275,0,30.7138,230,2.90822,0.181764,2.30406e-06,3.2753e-07,1.97653e-06
WEST_FIRST,0.023,3265,26108,0.985356,0,33.4181,307,2.90089,0.181306,2.31415e-06,3.3762e-07,1.97653e-06
WEST_FIRST,0.024,3462,27706,1.0021,0,38.3677,298,3.07844,0.192403,2.32394e-06,3.47408e-07,1.97653e-06
WEST_FIRST,0.025,3620,28961,1.00559,0,50.489,418,3.21789,0.201118,2.34708e-06,3.70546e-07,1.97653e-06
WEST_FIRST,0.026,3713,29717,0.992154,0,64.4958,615,3.30189,0.206368,2.35911e-06,3.82579e-07,1.97653e-06
WEST_FIRST,0.027,3894,31144,1.00129,0,131.77,919,3.46044,0.216278,2.37217e-06,3.95641e-07,1.97653e-06
WEST_FIRST,0.028,4029,32222,0.998946,0,150.935,1235,3.58022,0.223764,2.39041e-06,4.13874e-07,1.97653e-06
WEST_FIRST,0.029,4077,32629,0.976682,0,178.504,1024,3.62544,0.22659,2.39555e-06,4.19018e-07,1.97653e-06
WEST_FIRST,0.03,4101,32813,0.94945,0,243.864,1149,3.64589,0.227868,2.39917e-06,4.22643e-07,1.97653e-06
WEST_FIRST,0.031,4185,33484,0.937612,0,457.859,3137,3.72044,0.232528,2.40657e-06,4.30037e-07,1.97653e-06
WEST_FIRST,0.032,4113,32905,0.892605,0,536.646,2529,3.65611,0.228507,2.40346e-06,4.26925e-07,1.97653e-06
WEST_FIRST,0.033,4268,34113,0.897333,0,437.999,2352,3.79033,0.236896,2.41153e-06,4.35001e-07,1.97653e-06
WEST_FIRST,0.034,4061,32475,0.829121,0,895.241,4576,3.60833,0.225521,2.39771e-06,4.21177e-07,1.97653e-06
WEST_FIRST,0.035,4049,32405,0.803695,0,977.773,4066,3.60056,0.225035,2.39698e-06,4.2045e-07,1.97653e-06
WEST_FIRST,0.036,4150,33207,0.800709,0,1160.06,3882,3.68967,0.230604,2.40585e-06,4.29314e-07,1.97653e-06
WEST_FIRST,0.037,4222,33796,0.792887,0,1118.67,3896,3.75511,0.234694,2.415e-06,4.38471e-07,1.97653e-06
WEST_FIRST,0.038,4122,32961,0.752947,0,1330.65,4250,3.66233,0.228896,2.40562e-06,4.29091e-07,1.97653e-06
WEST_FIRST,0.039,4087,32689,0.727586,0,1451.1,4962,3.63211,0.227007,2.4002e-06,4.2367e-07,1.97653e-06
WEST_FIRST,0.04,4253,34029,0.738477,0,1144.71,4391,3.781,0.236313,2.4177e-06,4.41165e-07,1.97653e-06
WEST_FIRST,0.041,4223,33776,0.715108,0,1400.68,4192,3.75289,0.234556,2.41575e-06,4.3922e-07,1.97653e-06
WEST_FIRST,0.042,4079,32627,0.674334,0,1713.45,4302,3.62522,0.226576,2.39812e-06,4.21585e-07,1.97653e-06
WEST_FIRST,0.043,4133,33066,0.667515,0,1651.61,5011,3.674,0.229625,2.40773e-06,4.31197e-07,1.97653e-06
WEST_FIRST,0.044,4141,33142,0.653843,0,1706.72,5093,3.68244,0.230153,2.40937e-06,4.32839e-07,1.97653e-06
WEST_FIRST,0.045,4225,33790,0.651813,0,1788,4983,3.75444,0.234653,2.41394e-06,4.37409e-07,1.97653e-06
WEST_FIRST,0.046,4158,33266,0.627755,0,1973.66,5032,3.69622,0.231014,2.40536e-06,4.28829e-07,1.97653e-06
WEST_FIRST,0.047,4082,32654,0.603095,0,1974.37,5740,3.62822,0.226764,2.39839e-06,4.21856e-07,1.97653e-06
WEST_FIRST,0.048,4185,33476,0.605396,0,2148.33,5047,3.71956,0.232472,2.40763e-06,4.31101e-07,1.97653e-06
WEST_FIRST,0.049,4187,33496,0.593396,0,2229.33,5232,3.72178,0.232611,2.40931e-06,4.3278e-07,1.97653e-06
WEST_FIRST,0.05,4026,32195,0.558941,0,2164.19,5925,3.57722,0.223576,2.39745e-06,4.2092e-07,1.97653e-06
NORTH_LAST,0.001,176,1415,1.2283,0,7.76705,21,0.157222,0.00982639,1.99373e-06,1.72029e-08,1.97653e-06
NORTH_LAST,0.002,350,2800,1.21528,0,7.99714,32,0.311111,0.0194444,2.0105e-06,3.39678e-08,1.97653e-06
NORTH_LAST,0.003,459,3681,1.0651,0,8.55338,38,0.409,0.0255625,2.02075e-06,4.42225e-08,1.97653e-06
NORTH_LAST,0.004,571,4568,0.991319,0,8.7986,44,0.507556,0.0317222,2.03559e-06,5.90583e-08,1.97653e-06
NORTH_LAST,0.005,707,5649,0.980729,0,9.2645,49,0.627667,0.0392292,2.04929e-06,7.27554e-08,1.97653e-06
NORTH_LAST,0.006,846,6767,0.979022,0,9.93262,54,0.751889,0.0469931,2.06179e-06,8.52604e-08,1.97653e-06
NORTH_LAST,0.007,986,7895,0.979043,0,10.2556,43,0.877222,0.0548264,2.07567e-06,9.91379e-08,1.97653e-06
NORTH_LAST,0.008,1192,9539,1.03505,0,11.0008,74,1.05989,0.0662431,2.0997e-06,1.23167e-07,1.97653e-06
NORTH_LAST,0.009,1313,10510,1.0137,0,11.3922,118,1.16778,0.0729861,2.11224e-06,1.35706e-07,1.97653e-06
NORTH_LAST,0.01,1404,11231,0.974913,0,11.995,79,1.24789,0.0779931,2.11574e-06,1.39204e-07,1.97653e-06
NORTH_LAST,0.011,1523,12193,0.9622,0,11.8253,78,1.35478,0.0846736,2.12625e-06,1.49717e-07,1.97653e-06
NORTH_LAST,0.012,1700,13575,0.981988,0,13.0947,77,1.50833,0.0942708,2.14634e-06,1.69812e-07,1.97653e-06
NORTH_LAST,0.013,1853,14815,0.989249,0,14.8057,102,1.64611,0.102882,2.16428e-06,1.87747e-07,1.97653e-06
NORTH_LAST,0.014,1991,15918,0.986979,0,15.1753,103,1.76867,0.110542,2.17666e-06,2.0013e-07,1.97653e-06
NORTH_LAST,0.015,2170,17341,1.00353,0,16.6751,118,1.92678,0.120424,2.19608e-06,2.19551e-07,1.97653e-06
NORTH_LAST,0.016,2310,18484,1.00282,0,17.8043,102,2.05378,0.128361,2.2137e-06,2.37167e-07,1.97653e-06
NORTH_LAST,0.017,2478,19831,1.01261,0,18.9415,134,2.20344,0.137715,2.22635e-06,2.49822e-07,1.97653e-06
NORTH_LAST,0.018,2661,21279,1.02619,0,21.1236,207,2.36433,0.147771,2.24698e-06,2.70448e-07,1.97653e-06
NORTH_LAST,0.019,2719,21750,0.993695,0,23.7867,224,2.41667,0.151042,2.25549e-06,2.7896e-07,1.97653e-06
NORTH_LAST,0.02,2828,22628,0.982118,0,23.9081,158,2.51422,0.157139,2.26828e-06,2.91749e-07,1.97653e-06
NORTH_LAST,0.021,2944,23544,0.973214,0,28.2741,292,2.616,0.1635,2.27409e-06,2.97557e-07,1.97653e-06
NORTH_LAST,0.022,3157,25248,0.996212,0,30.6003,259,2.80533,0.175333,2.29459e-06,3.18055e-07,1.97653e-06
NORTH_LAST,0.023,3194,25557,0.964561,0,30.542,269,2.83967,0.177479,2.30151e-06,3.24974e-07,1.97653e-06
NORTH_LAST,0.024,3457,27661,1.00047,0,40.7099,279,3.07344,0.19209,2.32486e-06,3.4833e-07,1.97653e-06
NORTH_LAST,0.025,3615,28912,1.00389,0,66.6432,578,3.21244,0.200778,2.33705e-06,3.60517e-07,1.97653e-06
NORTH_LAST,0.026,3718,29721,0.992288,0,65.5683,576,3.30233,0.206396,2.35278e-06,3.76251e-07,1.97653e-06
NORTH_LAST,0.027,3861,30878,0.992734,0,225.86,1474,3.43089,0.214431,2.37382e-06,3.97292e-07,1.97653e-06
NORTH_LAST,0.028,3861,30882,0.957403,0,350.88,1836,3.43133,0.214458,2.37701e-06,4.00475e-07,1.97653e-06
NORTH_LAST,0.029,3916,31309,0.937171,0,419.506,2228,3.47878,0.217424,2.38597e-06,4.09443e-07,1.97653e-06
NORTH_LAST,0.03,3898,31185,0.902344,0,425.662,1940,3.465,0.216562,2.3815e-06,4.04967e-07,1.97653e-06
NORTH_LAST,0.031,3909,31256,0.875224,0,515.073,1889,3.47289,0.217056,2.37878e-06,4.02245e-07,1.97653e-06
NORTH_LAST,0.032,4005,32055,0.869548,0,756.837,3787,3.56167,0.222604,2.3931e-06,4.16566e-07,1.97653e-06
NORTH_LAST,0.033,3815,30516,0.802715,0,937.379,4009,3.39067,0.211917,2.37826e-06,4.01725e-07,1.97653e-06
NORTH_LAST,0.034,3879,31047,0.792662,0,1200.24,4417,3.44967,0.215604,2.38259e-06,4.06054e-07,1.97653e-06
NORTH_LAST,0.035,3679,29398,0.729117,0,1382.26,4538,3.26644,0.204153,2.36728e-06,3.90749e-07,1.97653e-06
NORTH_LAST,0.036,3996,31972,0.77093,0,1244.5,3918,3.55244,0.222028,2.39363e-06,4.17103e-07,1.97653e-06
NORTH_LAST,0.037,3837,30704,0.720345,0,1384.57,4053,3.41156,0.213222,2.37896e-06,4.02429e-07,1.97653e-06
NORTH_LAST,0.038,3748,29989,0.685056,0,1554.89,5207,3.33211,0.208257,2.3734e-06,3.96866e-07,1.97653e-06
NORTH_LAST,0.039,3964,31710,0.705796,0,1545.71,4299,3.52333,0.220208,2.38848e-06,4.11945e-07,1.97653e-06
NORTH_LAST,0.04,3816,30537,0.662695,0,1889.33,5044,3.393,0.212062,2.37242e-06,3.95885e-07,1.97653e-06
NORTH_LAST,0.041,3827,30629,0.64848,0,1896.26,5453,3.40322,0.212701,2.37453e-06,3.97994e-07,1.97653e-06
NORTH_LAST,0.042,3839,30696,0.634425,0,1907.06,5118,3.41067,0.213167,2.37772e-06,4.0119e-07,1.97653e-06
NORTH_LAST,0.043,3738,29897,0.603541,0,2033.44,5703,3.32189,0.207618,2.36945e-06,3.92922e-07,1.97653e-06
NORTH_LAST,0.044,3805,30437,0.600477,0,2169.13,5180,3.38189,0.211368,2.37416e-06,3.9763e-07,1.97653e-06
NORTH_LAST,0.045,3817,30546,0.589236,0,2092.84,5339,3.394,0.212125,2.37688e-06,4.00345e-07,1.97653e-06
NORTH_LAST,0.046,3831,30636,0.578125,0,2340.19,5281,3.404,0.21275,2.37951e-06,4.0298e-07,1.97653e-06
NORTH_LAST,0.047,3955,31637,0.584312,0,2395.9,5365,3.51522,0.219701,2.38151e-06,4.04979e-07,1.97653e-06
NORTH_LAST,0.048,3707,29666,0.536495,0,2521.14,5956,3.29622,0.206014,2.3697e-06,3.93166e-07,1.97653e-06
NORTH_LAST,0.049,3875,31006,0.549284,0,2329.29,5695,3.44511,0.215319,2.38146e-06,4.04933e-07,1.97653e-06
NORTH_LAST,0.05,3880,31025,0.538628,0,2462.69,5677,3.44722,0.215451,2.38043e-06,4.03895e-07,1.97653e-06
NEGATIVE_FIRST,0.001,135,1083,0.940104,0,7.99259,23,0.120333,0.00752083,1.99015e-06,1.3618e-08,1.97653e-06
NEGATIVE_FIRST,0.002,276,2201,0.955295,0,7.54348,26,0.244556,0.0152847,2.00312e-06,2.65933e-08,1.97653e-06
NEGATIVE_FIRST,0.003,445,3560,1.03009,0,8.89888,52,0.395556,0.0247222,2.0212e-06,4.46649e-08,1.97653e-06
NEGATIVE_FIRST,0.004,567,4538,0.984809,0,8.53616,27,0.504222,0.0315139,2.03272e-06,5.61898e-08,1.97653e-06
NEGATIVE_FIRST,0.005,701,5606,0.973264,0,9.23823,42,0.622889,0.0389306,2.04842e-06,7.18912e-08,1.97653e-06
NEGATIVE_FIRST,0.006,870,6965,1.00767,0,9.68391,38,0.773889,0.0483681,2.06581e-06,8.92824e-08,1.97653e-06
NEGATIVE_FIRST,0.007,997,7988,0.990575,0,10.2909,51,0.887556,0.0554722,2.07733e-06,1.00796e-07,1.97653e-06
NEGATIVE_FIRST,0.008,1145,9168,0.994792,0,10.5328,48,1.01867,0.0636667,2.09136e-06,1.1483e-07,1.97653e-06
NEGATIVE_FIRST,0.009,1271,10186,0.982446,0,11.2006,55,1.13178,0.0707361,2.1078e-06,1.31271e-07,1.97653e-06
NEGATIVE_FIRST,0.01,1439,11535,1.0013,0,11.9639,84,1.28167,0.0801042,2.12145e-06,1.44918e-07,1.97653e-06
NEGATIVE_FIRST,0.011,1560,12488,0.98548,0,12.6006,67,1.38756,0.0867222,2.13624e-06,1.5971e-07,1.97653e-06
NEGATIVE_FIRST,0.012,1714,13719,0.992405,0,13.423,75,1.52433,0.0952708,2.14977e-06,1.73236e-07,1.97653e-06
NEGATIVE_FIRST,0.013,1800,14394,0.961138,0,13.6767,84,1.59933,0.0999583,2.15887e-06,1.82341e-07,1.97653e-06
NEGATIVE_FIRST,0.014,2012,16088,0.99752,0,14.4776,64,1.78756,0.111722,2.17931e-06,2.02779e-07,1.97653e-06
NEGATIVE_FIRST,0.015,2201,17620,1.01968,0,17.1631,120,1.95778,0.122361,2.19701e-06,2.20476e-07,1.97653e-06
NEGATIVE_FIRST,0.016,2329,18633,1.0109,0,19.3538,197,2.07033,0.129396,2.21144e-06,2.3491e-07,1.97653e-06
NEGATIVE_FIRST,0.017,2450,19593,1.00046,0,18.7751,112,2.177,0.136063,2.22275e-06,2.46223e-07,1.97653e-06
NEGATIVE_FIRST,0.018,2550,20391,0.983362,0,21.1745,186,2.26567,0.141604,2.23402e-06,2.57485e-07,1.97653e-06
NEGATIVE_FIRST,0.019,2705,21640,0.98867,0,22.6898,168,2.40444,0.150278,2.25081e-06,2.74284e-07,1.97653e-06
NEGATIVE_FIRST,0.02,2881,23035,0.999783,0,23.9066,238,2.55944,0.159965,2.2669e-06,2.90372e-07,1.97653e-06
NEGATIVE_FIRST,0.021,3025,24191,0.999959,0,30.3104,254,2.68789,0.167993,2.28157e-06,3.05039e-07,1.97653e-06
NEGATIVE_FIRST,0.022,3193,25538,1.00765,0,33.2465,259,2.83756,0.177347,2.30206e-06,3.25533e-07,1.97653e-06
NEGATIVE_FIRST,0.023,3250,26003,0.981393,0,38.3215,292,2.88922,0.180576,2.3078e-06,3.31268e-07,1.97653e-06
NEGATIVE_FIRST,0.024,3416,27303,0.987522,0,93.829,649,3.03367,0.189604,2.32636e-06,3.49829e-07,1.97653e-06
NEGATIVE_FIRST,0.025,3561,28479,0.988854,0,69.2488,550,3.16433,0.197771,2.33572e-06,3.59184e-07,1.97653e-06
NEGATIVE_FIRST,0.026,3678,29440,0.982906,0,192.792,1326,3.27111,0.204444,2.35364e-06,3.77107e-07,1.97653e-06
NEGATIVE_FIRST,0.027,3666,29338,0.943223,0,322.55,2468,3.25978,0.203736,2.35513e-06,3.78603e-07,1.97653e-06
NEGATIVE_FIRST,0.028,3814,30519,0.94615,0,212.997,1683,3.391,0.211938,2.36931e-06,3.92777e-07,1.97653e-06
NEGATIVE_FIRST,0.029,3609,28871,0.864194,0,651.787,4171,3.20789,0.200493,2.353e-06,3.76467e-07,1.97653e-06
NEGATIVE_FIRST,0.03,3673,29372,0.849884,0,567.439,3529,3.26356,0.203972,2.35661e-06,3.80079e-07,1.97653e-06
NEGATIVE_FIRST,0.031,3626,29022,0.812668,0,755.734,4083,3.22467,0.201542,2.35629e-06,3.79762e-07,1.97653e-06
NEGATIVE_FIRST,0.032,3708,29666,0.804742,0,774.227,4091,3.29622,0.206014,2.36145e-06,3.84924e-07,1.97653e-06
NEGATIVE_FIRST,0.033,3514,28106,0.73932,0,1488.3,5530,3.12289,0.195181,2.34779e-06,3.71257e-07,1.97653e-06
NEGATIVE_FIRST,0.034,3583,28660,0.73172,0,1396.22,5328,3.18444,0.199028,2.34956e-06,3.73033e-07,1.97653e-06
NEGATIVE_FIRST,0.035,3489,27917,0.692386,0,1205.54,5386,3.10189,0.193868,2.34928e-06,3.72747e-07,1.97653e-06
NEGATIVE_FIRST,0.036,3533,28238,0.680893,0,1498.82,5693,3.13756,0.196097,2.34668e-06,3.70153e-07,1.97653e-06
NEGATIVE_FIRST,0.037,3789,30301,0.710891,0,1390.31,5594,3.36678,0.210424,2.36644e-06,3.89909e-07,1.97653e-06
NEGATIVE_FIRST,0.038,3561,28479,0.650562,0,1640.24,5842,3.16433,0.197771,2.35002e-06,3.73489e-07,1.97653e-06
NEGATIVE_FIRST,0.039,3554,28438,0.632968,0,1741.77,6398,3.15978,0.197486,2.34961e-06,3.73076e-07,1.97653e-06
NEGATIVE_FIRST,0.04,3467,27745,0.602105,0,1847.33,6329,3.08278,0.192674,2.34467e-06,3.68134e-07,1.97653e-06
NEGATIVE_FIRST,0.041,3564,28520,0.603828,0,1723.42,6094,3.16889,0.198056,2.35555e-06,3.79024e-07,1.97653e-06
NEGATIVE_FIRST,0.042,3459,27691,0.572317,0,2086.32,6793,3.07678,0.192299,2.33622e-06,3.59689e-07,1.97653e-06
NEGATIVE_FIRST,0.043,3498,28002,0.565286,0,2226.92,6285,3.11133,0.194458,2.34627e-06,3.69743e-07,1.97653e-06
NEGATIVE_FIRST,0.044,3624,28973,0.571595,0,2079.94,5990,3.21922,0.201201,2.35485e-06,3.7832e-07,1.97653e-06
NEGATIVE_FIRST,0.045,3743,29966,0.578048,0,2215.65,6694,3.32956,0.208097,2.36422e-06,3.87692e-07,1.97653e-06
NEGATIVE_FIRST,0.046,3551,28403,0.535987,0,2287.11,6816,3.15589,0.197243,2.34966e-06,3.73126e-07,1.97653e-06
NEGATIVE_FIRST,0.047,3626,28981,0.535258,0,2447.16,6846,3.22011,0.201257,2.35301e-06,3.76477e-07,1.97653e-06
NEGATIVE_FIRST,0.048,3587,28693,0.518898,0,2480.6,6545,3.18811,0.199257,2.35363e-06,3.77096e-07,1.97653e-06
NEGATIVE_FIRST,0.049,3622,28969,0.513198,0,2524.63,7033,3.21878,0.201174,2.35662e-06,3.80086e-07,1.97653e-06
NEGATIVE_FIRST,0.05,3604,28809,0.500156,0,2553.59,7328,3.201,0.200063,2.35283e-06,3.76297e-07,1.97653e-06
ODD_EVEN,0.001,148,1184,1.02778,0,7.99324,21,0.131556,0.00822222,1.992e-06,1.48299e-08,1.97717e-06
ODD_EVEN,0.002,264,2108,0.914931,0,7.72348,32,0.234222,0.0146389,2.00293e-06,2.57637e-08,1.97717e-06
ODD_EVEN,0.003,427,3413,0.987558,0,8.42389,36,0.379222,0.0237014,2.01942e-06,4.22469e-08,1.97717e-06
ODD_EVEN,0.004,549,4396,0.953993,0,8.47905,36,0.488444,0.0305278,2.03322e-06,5.60461e-08,1.97717e-06
ODD_EVEN,0.005,708,5667,0.983854,0,9.03814,37,0.629667,0.0393542,2.04834e-06,7.11733e-08,1.97717e-06
ODD_EVEN,0.006,853,6826,0.987558,0,9.6061,39,0.758444,0.0474028,2.06269e-06,8.55179e-08,1.97717e-06
ODD_EVEN,0.007,994,7965,0.987723,0,10.0412,56,0.885,0.0553125,2.07679e-06,9.96164e-08,1.97717e-06
ODD_EVEN,0.008,1132,9065,0.983615,0,10.6802,63,1.00722,0.0629514,2.09021e-06,1.13042e-07,1.97717e-06
ODD_EVEN,0.009,1284,10264,0.989969,0,11.5981,60,1.14044,0.0712778,2.10469e-06,1.27515e-07,1.97717e-06
ODD_EVEN,0.01,1392,11141,0.967101,0,11.852,57,1.23789,0.0773681,2.1187e-06,1.41527e-07,1.97717e-06
ODD_EVEN,0.011,1533,12276,0.96875,0,12.7528,71,1.364,0.08525,2.1315e-06,1.54325e-07,1.97717e-06
ODD_EVEN,0.012,1793,14339,1.03725,0,13.4863,82,1.59322,0.0995764,2.15958e-06,1.8241e-07,1.97717e-06
ODD_EVEN,0.013,1902,15217,1.01609,0,14.1136,88,1.69078,0.105674,2.17201e-06,1.94834e-07,1.97717e-06
ODD_EVEN,0.014,2066,16542,1.02567,0,15.3969,147,1.838,0.114875,2.18601e-06,2.08837e-07,1.97717e-06
ODD_EVEN,0.015,2192,17527,1.01429,0,16.9165,159,1.94744,0.121715,2.19953e-06,2.22358e-07,1.97717e-06
ODD_EVEN,0.016,2279,18235,0.989312,0,18.294,150,2.02611,0.126632,2.20821e-06,2.31039e-07,1.97717e-06
ODD_EVEN,0.017,2420,19359,0.988511,0,18.0583,137,2.151,0.134437,2.22301e-06,2.4584e-07,1.97717e-06
ODD_EVEN,0.018,2605,20844,1.00521,0,18.4265,101,2.316,0.14475,2.23905e-06,2.61878e-07,1.97717e-06
ODD_EVEN,0.019,2741,21929,1.00187,0,20.2328,173,2.43656,0.152285,2.25199e-06,2.74818e-07,1.97717e-06
ODD_EVEN,0.02,2932,23446,1.01762,0,25.3441,171,2.60511,0.162819,2.27088e-06,2.93708e-07,1.97717e-06
ODD_EVEN,0.021,2959,23659,0.977968,0,25.4417,214,2.62878,0.164299,2.27108e-06,2.9391e-07,1.97717e-06
ODD_EVEN,0.022,3181,25464,1.00473,0,27.1534,207,2.82933,0.176833,2.29414e-06,3.16966e-07,1.97717e-06
ODD_EVEN,0.023,3297,26368,0.995169,0,30.6251,180,2.92978,0.183111,2.31433e-06,3.37157e-07,1.97717e-06
ODD_EVEN,0.024,3505,28036,1.01403,0,46.5515,416,3.11511,0.194694,2.33656e-06,3.59393e-07,1.97717e-06
ODD_EVEN,0.025,3574,28600,0.993056,0,52.5879,409,3.17778,0.198611,2.34378e-06,3.66614e-07,1.97717e-06
ODD_EVEN,0.026,3679,29438,0.982839,0,63.0677,466,3.27089,0.204431,2.36103e-06,3.83861e-07,1.97717e-06
ODD_EVEN,0.027,3891,31137,1.00106,0,80.3827,589,3.45967,0.216229,2.37684e-06,3.99668e-07,1.97717e-06
ODD_EVEN,0.028,4008,32045,0.993459,0,122.757,909,3.56056,0.222535,2.38544e-06,4.08271e-07,1.97717e-06
ODD_EVEN,0.029,3856,30839,0.923102,0,427.262,2029,3.42656,0.21416,2.37867e-06,4.01498e-07,1.97717e-06
ODD_EVEN,0.03,3992,31919,0.923582,0,485.115,3042,3.54656,0.22166,2.39562e-06,4.18446e-07,1.97717e-06
ODD_EVEN,0.031,4008,32039,0.897149,0,495.711,3133,3.55989,0.222493,2.39043e-06,4.13254e-07,1.97717e-06
ODD_EVEN,0.032,3889,31117,0.844103,0,701.491,2771,3.45744,0.21609,2.37995e-06,4.02779e-07,1.97717e-06
ODD_EVEN,0.033,3921,31351,0.824679,0,863.607,3718,3.48344,0.217715,2.38305e-06,4.05881e-07,1.97717e-06
ODD_EVEN,0.034,3916,31305,0.799249,0,897.623,3179,3.47833,0.217396,2.38143e-06,4.04263e-07,1.97717e-06
ODD_EVEN,0.035,3951,31618,0.784177,0,1059.43,3660,3.51311,0.219569,2.3866e-06,4.0943e-07,1.97717e-06
ODD_EVEN,0.036,3915,31318,0.75516,0,1222.22,5004,3.47978,0.217486,2.39025e-06,4.13076e-07,1.97717e-06
ODD_EVEN,0.037,3969,31760,0.74512,0,1420.31,4572,3.52889,0.220556,2.39395e-06,4.16779e-07,1.97717e-06
ODD_EVEN,0.038,3855,30845,0.70461,0,1447.19,4597,3.42722,0.214201,2.38398e-06,4.06807e-07,1.97717e-06
ODD_EVEN,0.039,3958,31644,0.704327,0,1621.32,4371,3.516,0.21975,2.38832e-06,4.11152e-07,1.97717e-06
ODD_EVEN,0.04,3974,31767,0.689388,0,1727.56,5556,3.52967,0.220604,2.39126e-06,4.1409e-07,1.97717e-06
ODD_EVEN,0.041,3801,30401,0.643653,0,1984.48,5869,3.37789,0.211118,2.37415e-06,3.96982e-07,1.97717e-06
ODD_EVEN,0.042,3832,30650,0.633474,0,1928.36,4976,3.40556,0.212847,2.38044e-06,4.03268e-07,1.97717e-06
ODD_EVEN,0.043,3893,31167,0.629179,0,1942.63,5074,3.463,0.216438,2.38688e-06,4.09713e-07,1.97717e-06
ODD_EVEN,0.044,3993,31933,0.629991,0,1840.66,5218,3.54811,0.221757,2.39469e-06,4.17519e-07,1.97717e-06
ODD_EVEN,0.045,3949,31597,0.60951,0,2207.29,5364,3.51078,0.219424,2.38395e-06,4.06775e-07,1.97717e-06
ODD_EVEN,0.046,3990,31932,0.602582,0,2073.11,4958,3.548,0.22175,2.39472e-06,4.17545e-07,1.97717e-06
ODD_EVEN,0.047,3984,31899,0.589151,0,2232.62,5536,3.54433,0.221521,2.38979e-06,4.12615e-07,1.97717e-06
ODD_EVEN,0.048,4067,32550,0.58865,0,2087.28,5253,3.61667,0.226042,2.40383e-06,4.2666e-07,1.97717e-06
ODD_EVEN,0.049,4031,32243,0.571198,0,2143.88,5585,3.58256,0.22391,2.3949e-06,4.1773e-07,1.97717e-06
ODD_EVEN,0.05,3971,31764,0.551458,0,2420.16,6007,3.52933,0.220583,2.39452e-06,4.17345e-07,1.97717e-06
